timestamp,label,mean_voltage_V,std_voltage_V,Temperature_C,Humidity_pct,DewPoint_C,AvgSurfaceTemp_C,WindSpeed_mps
3/4/2026 14:00,Wet,0.041047,0.005578,13.15,24.7,-6.62,9.23,0.59
3/4/2026 14:10,Wet,0.028016,0.001012,12.84,26.92,-5.76,8.99,0.42
3/4/2026 14:20,Wet,0.019383,0.000498,12.49,24.01,-7.55,8.48,0.61
3/4/2026 14:30,Wet,0.018207,0.000908,12.37,25.2,-7.03,7.73,0.77
3/4/2026 14:40,Wet,0.016153,9.90E-05,12.19,24.75,-7.41,7.7,0.37
3/4/2026 14:50,Wet,0.015587,0.000109,11.91,25.7,-7.16,7.51,0.65
3/4/2026 15:00,Wet,0.015698,9.70E-05,12.3,24.32,-7.55,7.09,0.18
3/4/2026 15:10,Wet,0.015254,9.10E-05,12.52,25.27,-6.86,7.77,0.38
3/4/2026 15:20,Wet,0.015512,0.000127,12.3,25.35,-7.01,6.95,0.3
3/4/2026 15:30,Wet,0.016203,9.70E-05,12.76,24.37,-7.13,7.18,0.24
3/4/2026 15:40,Wet,0.017216,0.000106,13.61,24.24,-6.48,7.61,1.52
3/4/2026 15:50,Wet,0.016967,0.000106,12.75,25.22,-6.69,6.72,0.42
3/4/2026 16:00,Wet,0.015549,9.30E-05,12.38,25.06,-7.09,6.75,0.43
3/4/2026 16:10,Wet,0.015306,0.000105,12.56,25.18,-6.87,6.63,0.4
3/4/2026 16:20,Wet,0.01543,9.30E-05,12.05,26.68,-6.56,6.5,
3/4/2026 16:30,Wet,0.015694,0.000102,12.11,26.28,-6.7,6.63,0.44
3/4/2026 16:40,Wet,0.015721,9.50E-05,11.93,27.32,-6.35,6.78,0.43
3/4/2026 16:50,Wet,0.015033,0.000105,12.21,24.81,-7.37,6.63,0.26
3/4/2026 17:00,Wet,0.01335,0.000105,11.57,25.56,-7.53,6.37,0.45
3/4/2026 17:10,Wet,0.011736,0.000103,11.87,29.05,-5.6,6.27,0.49
3/4/2026 17:20,Wet,0.010814,9.70E-05,10.22,36.96,-3.86,5.92,1.82
3/4/2026 17:30,Wet,0.010046,0.000104,10.09,37.75,-3.69,6.48,0.4
3/4/2026 17:40,Wet,0.00962,9.10E-05,9.45,33.94,-5.67,6.28,0.39
3/4/2026 17:50,Wet,0.009245,9.80E-05,9.31,34.7,-5.5,6.05,0.4
3/4/2026 18:00,Wet,0.008965,9.50E-05,8.4,26.71,-9.68,5.78,0.42
3/4/2026 18:10,Wet,0.008856,9.80E-05,8.72,36.23,-5.46,5.67,0.4
3/4/2026 18:20,Wet,0.008835,9.70E-05,8.69,34.81,-6.01,5.72,0.42
3/4/2026 18:30,Wet,0.008796,0.000103,8.55,38.64,-4.76,6.04,0.5
3/4/2026 18:40,Wet,0.008786,9.00E-05,8.7,39.18,-4.44,6,0.43
3/4/2026 18:50,Wet,0.008793,0.000102,8,29.94,-8.57,5.86,0.41
3/4/2026 19:00,Wet,0.00879,9.60E-05,6.46,20.27,-14.76,5.31,0.46
3/4/2026 19:10,Wet,0.008744,9.30E-05,5.93,22.29,-14.05,4.96,0.44
3/4/2026 19:20,Wet,0.008726,9.50E-05,5.23,24.28,-13.59,4.78,0.5
3/4/2026 19:30,Wet,0.008709,0.000102,5.22,19.68,-16.16,4.79,0.51
3/4/2026 19:40,Wet,0.008711,0.000109,4.79,30.37,-11.2,4.54,0.38
3/4/2026 19:50,Wet,0.008684,9.90E-05,4.86,33.58,-9.87,4.85,0.7
3/4/2026 20:00,Wet,0.008685,9.40E-05,4.59,33.48,-10.14,4.57,0.43
3/4/2026 20:10,Wet,0.008663,9.40E-05,4.78,32.84,-10.22,4.48,0.42
3/4/2026 20:20,Wet,0.008657,9.70E-05,4.59,27.67,-12.53,4.33,0.61
3/4/2026 20:30,Wet,0.008662,0.000106,4.54,25.75,-13.46,4.28,0.25
3/4/2026 20:40,Wet,0.008673,9.90E-05,4.52,25.14,-13.77,4.55,0.42
3/4/2026 20:50,Wet,0.008667,0.000101,4.68,26.36,-13.05,4.27,0.48
3/4/2026 21:00,Wet,0.008663,9.90E-05,5.02,30.07,-11.12,4.4,0.41
3/4/2026 21:10,Wet,0.008673,9.70E-05,5.33,30.84,-10.53,4.99,0.44
3/4/2026 21:20,Wet,0.00868,9.60E-05,5.38,31.94,-10.04,4.37,0.43
3/4/2026 21:30,Wet,0.008646,9.80E-05,5.59,35.68,-8.44,4.16,0.4
3/4/2026 21:40,Wet,0.008686,9.60E-05,5.36,34.82,-8.96,4.24,0.41
3/4/2026 21:50,Wet,0.008677,9.50E-05,5.23,34.8,-9.08,4.25,0.43
3/4/2026 22:00,Wet,0.008685,9.40E-05,4.84,32.13,-10.44,3.99,0.45
3/4/2026 22:10,Wet,0.008665,0.000102,4.55,27.22,-12.77,3.85,0.42
3/4/2026 22:20,Wet,0.008654,0.000103,4.15,22.02,-15.7,3.77,0.5
3/4/2026 22:30,Wet,0.008646,9.20E-05,4.33,22.17,-15.47,3.83,0.41
3/4/2026 22:40,Wet,0.008644,9.50E-05,3.98,21.55,-16.11,3.46,0.44
3/4/2026 22:50,Wet,0.008626,0.000102,3.92,21.7,-16.07,3.56,0.38
3/4/2026 23:00,Wet,0.008601,0.000103,4.46,22.04,-15.43,3.76,1.24
3/4/2026 23:10,Wet,0.008597,0.000102,4.56,22.46,-15.12,3.38,0.48
3/4/2026 23:20,Wet,0.00863,9.30E-05,4.68,22.69,-14.89,3.7,0.55
3/4/2026 23:30,Wet,0.008633,9.40E-05,4.8,24.37,-13.92,3.6,0.5
3/4/2026 23:40,Wet,0.008636,9.80E-05,4.67,27.86,-12.38,3.38,0.42
3/4/2026 23:50,Wet,0.008645,9.90E-05,4.44,24.52,-14.15,3.81,0.56
3/5/2026 0:00,Wet,0.008645,0.000101,3.81,21.67,-16.18,3.15,0.42
3/5/2026 0:10,Wet,0.008648,9.40E-05,3.61,22.04,-16.15,3.26,0.41
3/5/2026 0:20,Wet,0.008668,0.000103,3.19,23.54,-15.71,3.23,0.48
3/5/2026 0:30,Wet,0.008636,9.60E-05,3.64,21.66,-16.33,3.43,0.36
3/5/2026 0:40,Wet,0.008673,0.00011,3.93,20.91,-16.51,3.63,0.57
3/5/2026 0:50,Wet,0.008663,9.10E-05,4.1,23.58,-14.92,3.65,0.42
3/5/2026 1:00,Wet,0.0087,9.80E-05,4.08,25.83,-13.82,3.68,0.54
3/5/2026 1:10,Wet,0.008658,0.000101,4.21,32.84,-10.72,3.64,0.4
3/5/2026 1:20,Wet,0.008681,0.0001,4.2,35.11,-9.89,3.72,
3/5/2026 1:30,Wet,0.008687,9.80E-05,3.69,27.65,-13.32,3.78,0.47
3/5/2026 1:40,Wet,0.008687,0.000103,3.19,21.78,-16.65,3.27,0.43
3/5/2026 1:50,Wet,0.008689,9.20E-05,3.33,21.77,-16.53,3.45,0.43
3/5/2026 2:00,Wet,0.008694,9.10E-05,2.79,22.13,-16.79,2.95,0.46
3/5/2026 2:10,Wet,0.008679,9.60E-05,3.04,22.3,-16.49,3.26,0.48
3/5/2026 2:20,Wet,0.008659,0.0001,3.31,24.57,-15.09,3.52,0.43
3/5/2026 2:30,Wet,0.008708,9.90E-05,3.15,28.16,-13.56,3.31,0.49
3/5/2026 2:40,Wet,0.008711,9.60E-05,3.31,36.77,-10.09,3.25,0.43
3/5/2026 2:50,Wet,0.008712,9.40E-05,3.19,37.95,-9.8,3.19,0.41
3/5/2026 3:00,Wet,0.008704,9.70E-05,3.35,39.92,-9.01,3.07,0.48
3/5/2026 3:10,Wet,0.008705,9.30E-05,3.47,38.42,-9.39,3.17,0.42
3/5/2026 3:20,Wet,0.008711,9.30E-05,3.36,41.16,-8.61,2.86,0.45
3/5/2026 3:30,Wet,0.008685,0.000101,3.19,41.1,-8.78,2.59,0.53
3/5/2026 3:40,Wet,0.008698,9.60E-05,3.18,40.61,-8.95,2.94,0.42
3/5/2026 3:50,Wet,0.008714,9.60E-05,3.35,41.02,-8.66,3.16,0.44
3/5/2026 4:00,Moist,0.008734,9.10E-05,3.48,41.32,-8.45,3.34,0.41
3/5/2026 4:10,Moist,0.008757,0.000102,3.27,40.3,-8.96,3,0.43
3/5/2026 4:20,Moist,0.00875,9.30E-05,3.87,41.67,-7.99,3.35,0.44
3/5/2026 4:30,Moist,0.008761,9.90E-05,4.2,41.26,-7.82,3.23,0.41
3/5/2026 4:40,Moist,0.008756,0.000107,3.85,41.26,-8.14,2.9,0.42
3/5/2026 4:50,Moist,0.008786,9.50E-05,4.38,40.69,-7.84,3.27,0.39
3/5/2026 5:00,Moist,0.008789,9.50E-05,4.09,41.64,-7.8,2.82,0.4
3/5/2026 5:10,Moist,0.008772,0.000106,3.79,41.49,-8.12,3.12,0.42
3/5/2026 5:20,Moist,0.008775,9.40E-05,2.63,40.85,-9.37,2.3,0.41
3/5/2026 5:30,Ice,0.00875,9.50E-05,2.62,40.81,-9.39,2.19,0.4
3/5/2026 5:40,Ice,0.008714,9.50E-05,1.81,38.57,-10.84,2.23,0.51
3/5/2026 5:50,Ice,0.008713,0.000104,2.43,33.98,-11.87,2.64,0.43
3/5/2026 6:00,Ice,0.008755,0.0001,1.96,32.34,-12.9,1.91,0.41
3/5/2026 6:10,Ice,0.008767,9.50E-05,2.9,38.97,-9.72,2.53,0.43
3/5/2026 6:20,Ice,0.008805,9.50E-05,1.36,36.21,-12.03,2.29,0.55
3/5/2026 6:30,Ice,0.008825,9.30E-05,1.02,35.03,-12.74,2.01,0.55
3/5/2026 6:40,Ice,0.008845,0.000103,0.95,30.75,-14.41,1.81,0.53
3/5/2026 6:50,Ice,0.008951,9.50E-05,0.84,29.92,-14.84,2.15,0.52
3/5/2026 7:00,Ice,0.009072,0.000116,1.02,29.54,-14.84,1.99,0.51
3/5/2026 7:10,Ice,0.009148,9.30E-05,2.17,36.98,-11.04,2.59,0.45
3/5/2026 7:20,Ice,0.009441,9.20E-05,2.24,39.7,-10.08,2.24,0.45
3/5/2026 7:30,Ice,0.012061,0.000114,2.43,39.02,-10.13,2.72,0.46
3/5/2026 7:40,Ice,0.012704,9.30E-05,2.94,39.83,-9.41,2.41,0.52
3/5/2026 7:50,Ice,0.013133,9.90E-05,3.97,40.87,-8.15,2.49,0.5
3/5/2026 8:00,Moist,0.013661,0.000101,4.37,40.04,-8.05,3.13,0.43
3/5/2026 8:10,Moist,0.014151,9.20E-05,5.12,41.5,-6.91,2.98,0.43
3/5/2026 8:20,Moist,0.014631,0.000104,5.95,40.91,-6.35,3.41,0.4
3/5/2026 8:30,Moist,0.014888,0.000105,6.47,39.8,-6.24,3.29,0.41
3/5/2026 8:40,Moist,0.015285,0.0001,7.48,39.54,-5.41,2.85,0.42
3/5/2026 8:50,Moist,0.015644,0.000104,5.56,21.77,-14.65,2.51,0.41
3/5/2026 9:00,Moist,0.016132,9.30E-05,5.14,22.14,-14.8,2.67,0.43
3/5/2026 9:10,Moist,0.016703,9.70E-05,5.34,22.75,-14.3,2.82,0.5
3/5/2026 9:20,Moist,0.017158,0.000101,4.9,23.37,-14.34,2.67,0.46
3/5/2026 9:30,Moist,0.017572,0.000108,5.2,22.51,-14.55,2.94,0.39
3/5/2026 9:40,Moist,0.018155,0.0001,5.34,21.78,-14.83,2.84,0.39
3/5/2026 9:50,Moist,0.018618,9.60E-05,6.1,22.68,-13.69,3.26,0.41
3/5/2026 10:00,Moist,0.01885,0.000102,6.2,23.36,-13.24,3.09,0.42
3/5/2026 10:10,Moist,0.018877,9.80E-05,6.25,28.73,-10.62,3.06,0.37
3/5/2026 10:20,Moist,0.01875,0.000133,6.89,32.79,-8.38,3.51,0.4
3/5/2026 10:30,Moist,0.018561,0.000103,7.19,36.59,-6.69,3.85,0.42
3/5/2026 10:40,Moist,0.01844,9.90E-05,7.2,36.44,-6.74,3.42,0.3
3/5/2026 10:50,Moist,0.018746,0.000103,7.46,39.09,-5.58,3.34,0.86
3/5/2026 11:00,Moist,0.01962,0.000111,8.11,40.04,-4.68,3.99,0.4
3/5/2026 11:10,Moist,0.020673,0.000699,7.75,39.02,-5.35,3.68,0.38
3/5/2026 11:20,Moist,0.025695,0.002016,7.97,39.64,-4.94,4,0.43
3/5/2026 11:30,Moist,0.018251,0.000112,8.08,39.63,-4.84,3.54,0.34
3/5/2026 11:40,Moist,0.018466,9.60E-05,8.57,40.21,-4.21,4.21,0.44
3/5/2026 11:50,Moist,0.018336,9.40E-05,8.55,40.51,-4.13,3.72,0.44
3/5/2026 12:00,Moist,0.02172,0.000173,9.34,40.32,-3.48,4.81,0.4
3/5/2026 12:10,Moist,0.160576,0.002336,13.45,34.39,-1.96,8.49,0.44
3/5/2026 12:20,Moist,0.194876,0.001171,16.51,29.68,-1.28,11.84,0.29
3/5/2026 12:30,Moist,0.190327,0.000443,16.93,28.1,-1.67,13.38,0.3
3/5/2026 12:40,Dry,0.205008,0.002115,17.09,27.68,-1.73,12.14,0.35
3/5/2026 12:50,Dry,0.215504,0.002373,17.94,25.99,-1.86,13.25,0.39
3/5/2026 13:00,Dry,0.25365,0.005328,18.96,25.24,-1.39,15.19,0.29
3/5/2026 13:10,Dry,0.327124,0.028743,20.39,23.47,-1.17,17.26,0.25
3/5/2026 13:20,Dry,1.410973,0.318961,19.14,24.66,-1.55,15.93,0.35
3/5/2026 13:30,Dry,0.904194,0.12843,18.67,25.26,-1.62,14.32,
3/5/2026 13:40,Dry,0.057723,0.011983,12.35,35.05,-2.67,10.09,0.23
3/5/2026 13:50,Dry,0.076054,0.007031,11,37.68,-2.9,11.84,1.12
3/5/2026 14:00,Dry,0.144928,0.03368,9.98,39.34,-3.23,8.75,
3/5/2026 14:10,Dry,0.041064,0.001022,9.53,39.94,-3.44,7.3,0.43
3/5/2026 14:20,Dry,0.04653,0.000965,9.45,40.41,-3.35,7.75,0.21
3/5/2026 14:30,Dry,0.032101,0.000716,9.17,40.78,-3.48,7.54,0.38
3/5/2026 14:40,Dry,0.038714,0.000405,8.88,41.21,-3.6,7.58,0.53
3/5/2026 14:50,Dry,0.031437,0.000909,8.87,40.92,-3.71,7.3,0.21
3/5/2026 15:00,Dry,0.023478,0.000255,8.15,41.04,-4.32,6.6,0.44
3/5/2026 15:10,Dry,0.02317,0.000315,8.27,41.54,-4.05,6.88,0.62
3/5/2026 15:20,Dry,0.039768,0.000162,8.17,41.24,-4.23,6.59,0.43
3/5/2026 15:30,Dry,0.032732,0.000356,7.65,40.32,-5,6.09,0.58
3/5/2026 15:40,Dry,0.027605,0.000461,7.85,41.33,-4.5,6.1,1.71
3/5/2026 15:50,Dry,0.027268,0.000124,7.41,39.47,-5.5,6.32,0.39
3/5/2026 16:00,Dry,0.034285,0.000413,7.23,38.03,-6.15,6.71,0.52
3/5/2026 16:10,Dry,0.028287,0.000206,7.32,37.9,-6.12,6.42,0.43
3/5/2026 16:20,Dry,0.031147,0.000245,7.15,37.19,-6.51,6.25,0.48
3/5/2026 16:30,Dry,0.032697,0.000839,6.68,33.51,-8.28,6.02,0.41
3/5/2026 16:40,Dry,0.016438,0.000271,6.37,32.21,-9.06,9.11,0.41
3/5/2026 16:50,Dry,0.018887,0.000317,5.97,31.37,-9.75,9.85,0.65
3/5/2026 17:00,Dry,0.01689,0.000161,5.43,25.88,-12.64,5.81,0.4
3/5/2026 17:10,Dry,0.017813,0.00013,5.55,27.37,-11.84,5.53,0.4
3/5/2026 17:20,Dry,0.019468,0.000106,5.15,23.96,-13.83,5.75,0.41
3/5/2026 17:30,Dry,0.017791,0.000119,4.53,22.77,-14.97,5.08,0.33
3/5/2026 17:40,Dry,0.013822,0.000117,4.16,23.02,-15.16,4.9,0.42
3/5/2026 17:50,Dry,0.011239,9.30E-05,3.83,23.54,-15.17,4.61,0.57
3/5/2026 18:00,Dry,0.00963,9.80E-05,3.36,24.79,-14.94,4.7,0.29
3/5/2026 18:10,Dry,0.009511,8.90E-05,2.87,27.35,-14.16,9.89,0.41
3/5/2026 18:20,Dry,0.009461,9.30E-05,2.59,28.09,-14.08,8.66,0.25
3/5/2026 18:30,Dry,0.009417,0.000101,2.33,28.62,-14.08,8.5,0.33
3/5/2026 18:40,Dry,0.009441,9.50E-05,2.05,28.23,-14.49,4.33,0.49
3/5/2026 18:50,Dry,0.00948,9.60E-05,2.12,28.49,-14.32,6.26,0.45
3/5/2026 19:00,Dry,0.009475,9.70E-05,1.95,28.06,-14.65,4.58,0.53
3/5/2026 19:10,Dry,0.009511,9.80E-05,1.99,28.05,-14.62,4.73,0.45
3/5/2026 19:20,Dry,0.009553,0.000104,1.83,28.4,-14.61,4.17,0.51
3/5/2026 19:30,Dry,0.009495,0.000101,1.85,28.28,-14.64,6.48,0.44
3/5/2026 19:40,Dry,0.009544,9.00E-05,1.89,27.45,-14.97,9.57,0.43
3/5/2026 19:50,Dry,0.00955,9.80E-05,1.86,26.48,-15.43,8.83,0.46
3/5/2026 20:00,Dry,0.009564,9.50E-05,1.79,26.37,-15.54,9.25,0.38
3/5/2026 20:10,Dry,0.009612,8.80E-05,1.98,24.38,-16.32,9.74,0.27
3/5/2026 20:20,Dry,0.009623,9.30E-05,2.31,22.53,-16.99,9.11,0.42
3/5/2026 20:30,Dry,0.009654,0.000111,2.11,22.44,-17.2,8.72,0.27
3/5/2026 20:40,Dry,0.009649,0.0001,2.01,22.67,-17.17,10.03,0.42
3/5/2026 20:50,Dry,0.009668,9.60E-05,1.8,23.26,-17.04,9.65,0.54
3/5/2026 21:00,Dry,0.009685,0.000107,1.6,23.83,-16.92,9.72,0.48
3/5/2026 21:10,Dry,0.009691,8.90E-05,1.44,24.35,-16.8,9.14,0.36
3/5/2026 21:20,Dry,0.009694,0.000105,1.59,23.87,-16.91,8.91,0.39
3/5/2026 21:30,Dry,0.009707,9.70E-05,1.61,24.36,-16.65,10.27,0.47
3/5/2026 21:40,Dry,0.009742,8.90E-05,1.55,25.14,-16.32,8.55,0.27
3/5/2026 21:50,Dry,0.009769,9.90E-05,1.39,25.17,-16.45,8.6,0.43
3/5/2026 22:00,Dry,0.009818,0.000101,1.62,24.65,-16.5,9.25,0.44
3/5/2026 22:10,Dry,0.009804,9.00E-05,1.54,24.84,-16.48,9.97,0.45
3/5/2026 22:20,Dry,0.009838,0.000101,1.58,24.86,-16.43,8.81,0.53
3/5/2026 22:30,Dry,0.009833,0.000105,1.66,25.39,-16.11,9.84,0.41
3/5/2026 22:40,Dry,0.009834,0.0001,1.81,23.73,-16.79,8.28,0.44
3/5/2026 22:50,Dry,0.009876,9.50E-05,2.15,22.98,-16.89,9.22,0.45
3/5/2026 23:00,Dry,0.009907,0.0001,2.15,25.51,-15.63,8.55,0.4
3/5/2026 23:10,Dry,0.009926,0.000108,1.77,24.71,-16.34,8.68,0.43
3/5/2026 23:20,Dry,0.009927,0.000101,1.73,23.77,-16.84,8.6,0.46
3/5/2026 23:30,Dry,0.009933,9.60E-05,1.54,23.54,-17.12,7.87,0.38
3/5/2026 23:40,Dry,0.009854,0.000103,0.56,33.7,-13.63,7.62,0.49
3/5/2026 23:50,Dry,0.009727,0.000103,-0.2,41.39,-11.77,3.62,0.4
3/6/2026 0:00,Dry,0.009639,0.000101,-0.86,46.95,-10.79,7.77,0.52
3/6/2026 0:10,Dry,0.009624,9.50E-05,-0.96,47.06,-10.85,1.34,0.51
3/6/2026 0:20,Dry,0.009616,9.30E-05,-1.06,47.68,-10.78,1.51,0.45
3/6/2026 0:30,Dry,0.009633,0.000105,-0.85,46.13,-11,2.41,0.47
3/6/2026 0:40,Dry,0.009681,9.90E-05,-0.89,46.39,-10.97,1.84,1.86
3/6/2026 0:50,Dry,0.009846,0.000104,-1.16,50.16,-10.23,1.41,0.37
3/6/2026 1:00,Snow/Frost,0.010074,9.50E-05,-1.37,53.27,-9.66,1.11,0.44
3/6/2026 1:10,Snow/Frost,0.010277,9.30E-05,-1.47,53.95,-9.59,0.93,0.35
3/6/2026 1:20,Snow/Frost,0.010351,9.50E-05,-1.5,54.56,-9.48,1.16,0.46
3/6/2026 1:30,Snow/Frost,0.011917,0.000108,-1.35,53.43,-9.61,1.31,0.46
3/6/2026 1:40,Snow/Frost,0.013968,0.000111,-1.36,53.14,-9.68,1.07,0.46
3/6/2026 1:50,Snow/Frost,0.016507,0.000116,-1.48,54.64,-9.44,1.01,
3/6/2026 2:00,Snow/Frost,0.019581,9.20E-05,-1.86,55.35,-9.63,-0.15,3.02
3/6/2026 2:10,Snow/Frost,0.021062,0.000115,-1.49,56.07,-9.12,0.55,
3/6/2026 2:20,Snow/Frost,0.022837,0.0001,-1.84,56.49,-9.35,-0.59,2.31
3/6/2026 2:30,Snow/Frost,0.023905,0.000104,-1.97,56.28,-9.52,-0.83,1.2
3/6/2026 2:40,Snow/Frost,0.023873,9.60E-05,-1.8,55.76,-9.48,-0.24,2.24
3/6/2026 2:50,Snow/Frost,0.023958,0.0001,-1.93,55.13,-9.75,-0.88,0.69
3/6/2026 3:00,Snow/Frost,0.024041,0.000109,-1.76,54.24,-9.8,-0.81,0.87
3/6/2026 3:10,Snow/Frost,0.023856,9.90E-05,-1.99,54.59,-9.93,-0.76,0.68
3/6/2026 3:20,Snow/Frost,0.023963,9.40E-05,-1.62,52.7,-10.03,-0.44,2.08
3/6/2026 3:30,Snow/Frost,0.023948,0.000102,-1.68,53.83,-9.82,-0.33,5.07
3/6/2026 3:40,Snow/Frost,0.023846,9.30E-05,-1.41,53.46,-9.65,-0.09,5.41
3/6/2026 3:50,Snow/Frost,0.02376,9.70E-05,-1.63,53.37,-9.88,-0.48,17.08
3/6/2026 4:00,Snow/Frost,0.023926,9.80E-05,-1.74,53.99,-9.84,-0.76,17.08
3/6/2026 4:10,Snow/Frost,0.024093,9.70E-05,-1.78,55.47,-9.53,-0.58,17.08
3/6/2026 4:20,Snow/Frost,0.024016,0.000109,-1.66,54.68,-9.6,-0.08,9.67
3/6/2026 4:30,Snow/Frost,0.023855,0.000105,-1.31,52.23,-9.86,-0.65,4.8
3/6/2026 4:40,Snow/Frost,0.02366,9.80E-05,-1.29,51.02,-10.14,-0.39,4.77
3/6/2026 4:50,Snow/Frost,0.023486,9.90E-05,-0.75,50.08,-9.87,0.18,4.64
3/6/2026 5:00,Snow/Frost,0.023295,9.40E-05,-0.88,48.24,-10.46,-0.04,4.77
3/6/2026 5:10,Snow/Frost,0.023137,0.000101,-1.27,49.63,-10.47,-0.4,4.75
3/6/2026 5:20,Snow/Frost,0.023115,9.80E-05,-1.09,49.35,-10.37,-0.18,4.77
3/6/2026 5:30,Snow/Frost,0.02304,9.80E-05,-1.41,51.37,-10.16,-0.13,4.77
3/6/2026 5:40,Snow/Frost,0.022719,0.000102,-1.09,51.17,-9.91,0.26,9.79
3/6/2026 5:50,Snow/Frost,0.021924,0.000101,-1.19,50.99,-10.05,0.15,13.25
3/6/2026 6:00,Snow/Frost,0.021086,9.00E-05,-1.13,50.23,-10.18,-0.31,0.19
3/6/2026 6:10,Snow/Frost,0.020798,9.70E-05,-0.94,50.3,-9.99,0.03,1.17
3/6/2026 6:20,Snow/Frost,0.020345,9.40E-05,-1.38,52.91,-9.76,-0.33,10.69
3/6/2026 6:30,Snow/Frost,0.019894,0.000103,-1.2,52.75,-9.63,0.38,6.49
3/6/2026 6:40,Snow/Frost,0.020195,0.000106,-1.25,52.94,-9.63,0.07,0.11
3/6/2026 6:50,Snow/Frost,0.02176,9.60E-05,-1.34,52.6,-9.8,-0.24,6.3
3/6/2026 7:00,Snow/Frost,0.027709,0.000124,-1.2,52.72,-9.64,-0.07,0.98
3/6/2026 7:10,Snow/Frost,0.03058,0.000132,-1.16,52.85,-9.57,0,12.32
3/6/2026 7:20,Snow/Frost,0.030704,0.000185,-1.42,53.04,-9.76,-0.32,7.35
3/6/2026 7:30,Snow/Frost,0.03146,0.000118,-1.13,53.08,-9.48,0.34,5.99
3/6/2026 7:40,Snow/Frost,0.027668,0.000105,-1.05,52.4,-9.57,0.61,14.84
3/6/2026 7:50,Snow/Frost,0.031681,0.000279,-1.1,52.2,-9.67,0.38,7.38
3/6/2026 8:00,Snow/Frost,0.038589,9.90E-05,-0.85,51.33,-9.65,0.43,8.79
3/6/2026 8:10,Snow/Frost,0.04259,0.000421,0.01,48.2,-9.65,0.84,4.79
3/6/2026 8:20,Snow/Frost,0.053507,0.000134,-0.49,50.3,-9.57,0.48,4.77
3/6/2026 8:30,Snow/Frost,0.066558,0.000722,-0.38,50.98,-9.3,0.32,0.31
3/6/2026 8:40,Snow/Frost,0.091774,0.000529,-0.3,51.49,-9.1,0.14,1.74
3/6/2026 8:50,Snow/Frost,0.11538,0.000741,-0.02,50.18,-9.17,0.38,1.97
3/6/2026 9:00,Snow/Frost,0.120756,0.000381,-0.16,48.55,-9.72,-0.37,2.13
3/6/2026 9:10,Snow/Frost,0.11932,0.000114,0.01,48.22,-9.65,-0.24,2.3
3/6/2026 9:20,Snow/Frost,0.128251,0.000431,0.11,48.31,-9.53,0.34,
3/6/2026 9:30,Snow/Frost,0.128948,0.001267,0.26,48.81,-9.26,0.04,2.01
3/6/2026 9:40,Snow/Frost,0.132739,0.000627,0.27,47.51,-9.6,-0.33,2.09
3/6/2026 9:50,Snow/Frost,0.142161,0.001214,0.75,46.3,-9.49,0.5,2.07
3/6/2026 10:00,Snow/Frost,0.138478,0.002073,1.03,44.62,-9.7,0.41,2.22
3/6/2026 10:10,Snow/Frost,0.132179,0.00014,0.85,46.01,-9.47,0.43,2.48
3/6/2026 10:20,Snow/Frost,0.123076,0.000161,0.3,46.86,-9.75,-0.45,2.35
3/6/2026 10:30,Snow/Frost,0.173045,0.000324,0.69,43.65,-10.29,-0.18,8.59
3/6/2026 10:40,Snow/Frost,0.145502,0.000129,0.38,45.61,-10.02,-0.14,2.81
3/6/2026 10:50,Snow/Frost,0.148742,0.000343,0.32,46.06,-9.95,-0.34,9.61
3/6/2026 11:00,Snow/Frost,0.182032,0.002392,1.06,43.65,-9.95,-0.02,10.57
3/6/2026 11:10,Snow/Frost,0.273654,0.001123,2.48,36.4,-10.96,1.15,0.1
3/6/2026 11:20,Snow/Frost,0.266893,0.000813,2.84,35.86,-10.83,1.65,0.35
3/6/2026 11:30,Snow/Frost,0.212141,0.001403,2.34,35.4,-11.44,0.62,7.91
3/6/2026 11:40,Snow/Frost,0.204198,0.000515,1.41,39.92,-10.76,-0.29,9.24
3/6/2026 11:50,Snow/Frost,0.177264,0.001011,1.44,39.95,-10.73,0.19,5.6
3/6/2026 12:00,Snow/Frost,0.152821,0.000308,1.92,39.45,-10.45,0.82,5.47
3/6/2026 12:10,Snow/Frost,0.13941,0.000579,1.45,39.34,-10.91,0.49,5.37
3/6/2026 12:20,Snow/Frost,0.132486,0.000345,0.57,39.82,-11.55,-0.64,6.08
3/6/2026 12:30,Snow/Frost,0.141195,0.000208,0.59,43.2,-10.51,-0.3,5.23
3/6/2026 12:40,Snow/Frost,0.145434,0.000759,0.45,44.77,-10.19,-0.29,4.85
3/6/2026 12:50,Snow/Frost,0.13373,0.000402,0.65,45.66,-9.75,0.3,16.33
3/6/2026 13:00,Snow/Frost,0.120248,0.000254,0.53,45.25,-9.98,-0.12,12.74
3/6/2026 13:10,Snow/Frost,0.12095,0.000392,0.44,46.88,-9.61,0.32,14.8
3/6/2026 13:20,Snow/Frost,0.168595,0.000519,0.63,42.07,-10.81,-0.28,5.79
3/6/2026 13:30,Snow/Frost,0.165184,0.000292,1.23,41.21,-10.52,0.42,5.65
3/6/2026 13:40,Snow/Frost,0.115726,0.002737,1.5,38.59,-11.11,0.87,5.45
3/6/2026 13:50,Snow/Frost,0.109765,0.000917,0.99,42.26,-10.42,0.45,5.99
3/6/2026 14:00,Snow/Frost,0.136679,0.001275,1.9,40.46,-10.15,0.63,7.56
3/6/2026 14:10,Ice,0.038605,0.000721,1.09,42.11,-10.38,1.17,6.51
3/6/2026 14:20,Slush,0.05369,0.000218,1.83,38.45,-10.86,1.96,5.56
3/6/2026 14:30,Ice,0.053522,0.000217,2.33,36.88,-10.93,2.41,7.99
3/6/2026 14:40,Slush,0.040181,0.00074,1.51,39.66,-10.75,1.33,12.5
3/6/2026 14:50,Slush,0.053695,0.000598,1.26,42.06,-10.24,1.77,0.22
3/6/2026 15:00,Ice,0.053981,0.000289,1.34,40.53,-10.63,1.52,0.39
3/6/2026 15:10,Slush,0.045332,0.000282,1.13,43.51,-9.93,1.75,0.13
3/6/2026 15:20,Slush,0.036013,0.000501,0.62,40.11,-11.42,1.51,15.56
3/6/2026 15:30,Slush,0.040839,0.00027,0.71,39.98,-11.38,1.66,0.87
3/6/2026 15:40,Slush,0.040039,0.000147,0.75,40.66,-11.13,1.73,17.08
3/6/2026 15:50,Slush,0.038994,0.000129,0.28,40.51,-11.6,1.58,8.18
3/6/2026 16:00,Wet,0.040428,0.000285,0.84,37.69,-12,1.85,13.22
3/6/2026 16:10,Wet,0.046443,0.000122,1.23,34.43,-12.77,2.31,4.68
3/6/2026 16:20,Wet,0.03105,0.000197,0.93,34.79,-12.91,2.19,3.89
3/6/2026 16:30,Slush,0.023417,9.20E-05,0.07,38.23,-12.51,1.57,2.9
3/6/2026 16:40,Slush,0.02061,9.70E-05,-0.77,43.83,-11.57,1.32,2.39
3/6/2026 16:50,Slush,0.020898,0.000113,-1.03,42.67,-12.14,1.26,1.7
3/6/2026 17:00,Slush,0.023773,0.000117,-0.4,39.01,-12.68,2.06,1.88
3/6/2026 17:10,Slush,0.021805,0.000101,-1.03,38.1,-13.54,0.6,1.89
3/6/2026 17:20,Slush,0.016102,0.000175,-1.03,39.94,-12.96,1.24,1.29
3/6/2026 17:30,Slush,0.014731,0.000155,-1.03,39.03,-13.24,1.33,1.05
3/6/2026 17:40,Slush,0.012331,0.000107,-1.43,40.31,-13.21,0.84,0.9
3/6/2026 17:50,Slush,0.010218,9.30E-05,-1.65,41.85,-12.94,1.21,1.5
3/6/2026 18:00,Slush,0.008923,9.90E-05,-1.63,40.22,-13.42,1.06,1.82
3/6/2026 18:10,Slush,0.008754,0.000109,-1.52,40.19,-13.33,1.39,1.83
3/6/2026 18:20,Slush,0.008673,0.000111,-1.76,39.99,-13.6,0.84,2.35
3/6/2026 18:30,Slush,0.008631,9.40E-05,-1.68,40.39,-13.41,0.99,2.47
3/6/2026 18:40,Slush,0.008644,0.000102,-2.36,41.42,-13.72,0.86,2
3/6/2026 18:50,Slush,0.008629,0.000102,-2.75,41.98,-13.91,0.93,1.96
3/6/2026 19:00,Slush,0.008599,9.10E-05,-3.33,44.08,-13.84,0.78,1.67
3/6/2026 19:10,Slush,0.008544,0.0001,-3.62,44.25,-14.05,1.18,1.89
3/6/2026 19:20,Slush,0.008579,9.30E-05,-3.88,43.53,-14.49,1.03,2.05
3/6/2026 19:30,Slush,0.008606,0.00011,-3.73,44.09,-14.2,1.76,1.73
3/6/2026 19:40,Slush,0.008601,9.60E-05,-4.36,43.9,-14.83,1.76,1.4
3/6/2026 19:50,Slush,0.008598,9.70E-05,-4.43,43.67,-14.96,1.03,0.54
3/6/2026 20:00,Slush,0.008616,9.80E-05,-4.75,44.1,-15.13,1.33,0.45
3/6/2026 20:10,Slush,0.00861,0.000103,-5.04,43.79,-15.48,5.19,0.41
3/6/2026 20:20,Slush,0.008615,9.20E-05,-5.63,44.31,-15.88,1.02,0.57
3/6/2026 20:30,Slush,0.008624,9.80E-05,-5.7,44.23,-15.96,1.56,0.43
3/6/2026 20:40,Slush,0.008617,0.000106,-5.51,43.18,-16.08,2.33,0.46
3/6/2026 20:50,Slush,0.008616,9.80E-05,-5.69,45.38,-15.65,6.63,0.49
3/6/2026 21:00,Slush,0.008624,0.000102,-5.71,44.93,-15.78,2.55,0.5
3/6/2026 21:10,Slush,0.008614,0.000104,-5.7,45.78,-15.55,2.56,0.51
3/6/2026 21:20,Slush,0.008569,0.000102,-6.57,48.59,-15.63,1.52,0.62
3/6/2026 21:30,Slush,0.008583,0.000104,-7.05,51.31,-15.42,1.37,0.52
3/6/2026 21:40,Slush,0.008587,0.000104,-7.69,51.33,-16.01,1.31,0.56
3/6/2026 21:50,Slush,0.008551,0.000108,-8.49,48.87,-17.34,2.47,0.54
3/6/2026 22:00,Slush,0.008543,9.50E-05,-8.74,51.11,-17.04,1.96,0.59
3/6/2026 22:10,Ice,0.008541,9.00E-05,-9.04,51.94,-17.12,2.07,0.36
3/6/2026 22:20,Ice,0.008608,0.000102,-9.19,51.47,-17.37,2.55,0.37
3/6/2026 22:30,Slush,0.008617,0.000105,-9.01,52.18,-17.04,2.34,0.3
3/6/2026 22:40,Slush,0.008661,9.50E-05,-8.78,52.26,-16.81,2.14,0.36
3/6/2026 22:50,Ice,0.00864,9.20E-05,-7.89,49.09,-16.73,2.4,0.31
3/6/2026 23:00,Ice,0.008646,0.000101,-8.42,49.86,-17.03,4.01,0.28
3/6/2026 23:10,Ice,0.008645,0.000104,-7.4,46.85,-16.83,4.2,0.35
3/6/2026 23:20,Ice,0.008655,0.00011,-8.19,49.79,-16.84,2.36,0.34
3/6/2026 23:30,Ice,0.008647,0.000102,-8.56,48.85,-17.41,1.85,0.32
3/6/2026 23:40,Ice,0.008636,0.000105,-8.84,49.94,-17.41,1.52,0.27
3/6/2026 23:50,Ice,0.008658,0.000111,-8.52,50.09,-17.07,1.74,0.27
3/7/2026 0:00,Ice,0.00866,9.90E-05,-9,49.25,-17.72,1.75,0.27
3/7/2026 0:10,Ice,0.008681,0.000103,-9.1,49.85,-17.67,1.78,0.3
3/7/2026 0:20,Ice,0.008675,9.80E-05,-8.84,47.77,-17.93,1.21,0.32
3/7/2026 0:30,Ice,0.008685,0.00011,-9.36,48.19,-18.31,1.66,0.28
3/7/2026 0:40,Ice,0.008717,0.000103,-9.59,45.53,-19.19,1.84,0.3
3/7/2026 0:50,Ice,0.00875,0.000106,-8.38,46.58,-17.81,1.71,0.43
3/7/2026 1:00,Ice,0.008772,0.000101,-9.67,48.62,-18.49,1.68,0.44
3/7/2026 1:10,Ice,0.008805,0.000106,-10.01,48.27,-18.89,0.98,0.3
3/7/2026 1:20,Ice,0.008826,9.80E-05,-9.51,48.49,-18.38,0.98,0.29
3/7/2026 1:30,Ice,0.008857,0.00011,-9.67,49.89,-18.19,0.58,0.3
3/7/2026 1:40,Ice,0.008891,0.000111,-8.36,46.54,-17.8,0.48,0.33
3/7/2026 1:50,Ice,0.008895,9.40E-05,-9.51,48.71,-18.32,-0.18,0.32
3/7/2026 2:00,Ice,0.008909,0.000105,-8.84,48.65,-17.72,0.16,0.3
3/7/2026 2:10,Ice,0.008926,0.000106,-9.68,48.35,-18.57,-0.1,0.3
3/7/2026 2:20,Ice,0.008923,0.000103,-8.63,47.06,-17.92,-0.09,0.25
3/7/2026 2:30,Ice,0.008948,0.000106,-9.64,49.19,-18.33,-0.07,0.33
3/7/2026 2:40,Ice,0.008947,9.90E-05,-9.13,49.13,-17.87,-0.66,0.26
3/7/2026 2:50,Ice,0.008942,9.80E-05,-9.37,47.55,-18.48,-0.36,0.34
3/7/2026 3:00,Ice,0.008932,0.000101,-9.62,47.85,-18.63,-0.94,0.32
3/7/2026 3:10,Ice,0.008927,9.90E-05,-9.87,47.2,-19.02,0.99,0.3
3/7/2026 3:20,Ice,0.008949,0.000104,-10.18,47.31,-19.28,0.55,0.33
3/7/2026 3:30,Ice,0.008922,0.000108,-10.33,46.94,-19.51,2.09,0.34
3/7/2026 3:40,Ice,0.008927,0.0001,-10.02,47.36,-19.12,0.37,0.31
3/7/2026 3:50,Ice,0.008929,9.60E-05,-9.81,47.28,-18.95,-1.9,0.32
3/7/2026 4:00,Ice,0.008917,0.0001,-10.02,45.91,-19.49,-1.54,0.32
3/7/2026 4:10,Ice,0.008916,0.000106,-10.17,45.69,-19.68,-0.66,0.31
3/7/2026 4:20,Ice,0.008904,0.000105,-10.02,44.82,-19.77,-1.62,0.27
3/7/2026 4:30,Ice,0.00891,0.0001,-9.89,44.22,-19.8,-2.49,0.34
3/7/2026 4:40,Ice,0.008926,0.000101,-9.46,43.26,-19.67,-2.75,0.37
3/7/2026 4:50,Ice,0.008932,0.0001,-9.63,42.91,-19.92,-3.91,0.31
3/7/2026 5:00,Ice,0.008936,9.50E-05,-9.87,43.14,-20.07,-3.57,0.33
3/7/2026 5:10,Ice,0.00895,9.70E-05,-9.23,42.29,-19.72,-3.07,0.32
3/7/2026 5:20,Ice,0.008945,9.50E-05,-9.67,42.95,-19.94,-3.49,0.37
3/7/2026 5:30,Ice,0.008918,0.000105,-9.7,42.45,-20.11,-3.48,0.31
3/7/2026 5:40,Ice,0.008933,9.80E-05,-9.95,41.36,-20.63,-3.72,0.3
3/7/2026 5:50,Ice,0.008924,0.000108,-9.48,41.57,-20.15,-3.37,0.26
3/7/2026 6:00,Ice,0.00893,0.000105,-9.97,40.93,-20.77,-3.95,0.32
3/7/2026 6:10,Ice,0.008962,0.000104,-10.25,39.94,-21.31,-3.77,0.25
3/7/2026 6:20,Ice,0.009116,0.000104,-9.83,39.01,-21.2,-3.83,0.35
3/7/2026 6:30,Ice,0.009317,0.0001,-9.78,39.46,-21.02,-3.62,0.33
3/7/2026 6:40,Ice,0.009476,0.000101,-9.58,38.52,-21.12,-3.52,0.32
3/7/2026 6:50,Ice,0.010009,0.000106,-9.29,39.57,-20.55,-4.1,0.41
3/7/2026 7:00,Ice,0.010625,9.40E-05,-9.12,39.08,-20.54,-3.62,0.33
3/7/2026 7:10,Ice,0.011465,0.000103,-8.14,37.88,-20.01,-3.41,0.28
3/7/2026 7:20,Ice,0.012328,0.000102,-7.52,37.35,-19.62,-4.32,0.33
3/7/2026 7:30,Ice,0.012987,0.000109,-7.36,35.41,-20.09,-3.77,0.35
3/7/2026 7:40,Ice,0.013653,0.000113,-6.1,34.06,-19.42,-4.32,0.33
3/7/2026 7:50,Ice,0.014197,0.000103,-5.99,32.95,-19.71,-3.43,0.34
3/7/2026 8:00,Ice,0.014839,0.000106,-5.47,31.74,-19.69,-4.67,0.45
3/7/2026 8:10,Ice,0.015409,0.000101,-5.35,32.14,-19.43,-3.66,0.27
3/7/2026 8:20,Ice,0.015948,0.0001,-4.49,30.39,-19.33,-4.12,0.28
3/7/2026 8:30,Ice,0.016384,0.000107,-4.26,29.97,-19.29,2.05,0.45
3/7/2026 8:40,Ice,0.016795,0.000104,-3.59,28.62,-19.24,-3.48,0.27
3/7/2026 8:50,Ice,0.017496,9.40E-05,-3.16,29.04,-18.69,-3.67,0.28
3/7/2026 9:00,Ice,0.018363,0.0001,-2.66,27.36,-18.96,-3.55,0.27
3/7/2026 9:10,Ice,0.019223,0.0001,-2.06,24.61,-19.68,-3.45,0.82
3/7/2026 9:20,Ice,0.019844,9.70E-05,-1.56,24.58,-19.26,-3.04,0.32
3/7/2026 9:30,Ice,0.020537,0.000101,-1.37,25.92,-18.48,-3.17,0.27
3/7/2026 9:40,Ice,0.02163,0.000102,-0.9,21.63,-20.19,-2.91,0.29
3/7/2026 9:50,Ice,0.022668,0.00013,-0.45,22.22,-19.49,-2.87,0.29
3/7/2026 10:00,Ice,0.026055,0.000105,-0.24,23.04,-18.89,-2.88,0.51
3/7/2026 10:10,Ice,0.026203,0.000323,0.03,21.49,-19.48,-2.4,12.11
3/7/2026 10:20,Ice,0.026107,0.000114,0.34,22.26,-18.8,-2.38,0.53
3/7/2026 10:30,Ice,0.026386,0.000104,0.2,22.88,-18.6,-2.25,0.26
3/7/2026 10:40,Snow/Frost,0.026099,0.000106,0.31,22.63,-18.63,-2.14,0.27
3/7/2026 10:50,Snow/Frost,0.026015,0.000378,0.52,26.45,-16.6,-2.76,0.82
3/7/2026 11:00,Snow/Frost,0.025431,0.000217,0.92,23.25,-17.79,-1.93,0.83
3/7/2026 11:10,Snow/Frost,0.025398,0.000101,0.99,24.6,-17.06,-2.29,0.27
3/7/2026 11:20,Snow/Frost,0.025084,0.000106,1.21,24.81,-16.77,-2.49,0.56
3/7/2026 11:30,Snow/Frost,0.025233,0.000102,1.45,26.92,-15.59,-1.87,0.38
3/7/2026 11:40,Snow/Frost,0.025981,9.40E-05,2.17,27,-14.93,-1.67,0.26
3/7/2026 11:50,Snow/Frost,0.025794,9.60E-05,2.16,27.95,-14.52,-1.78,0.38
3/7/2026 12:00,Snow/Frost,0.034105,0.000391,2.98,25.04,-15.14,-1.02,0.29
3/7/2026 12:10,Snow/Frost,0.304187,0.000699,7.39,35.68,-6.84,3.03,0.65
3/7/2026 12:20,Ice,0.263219,0.00017,11.04,32.21,-4.96,2.89,0.26
3/7/2026 12:30,Ice,0.276331,0.000279,14.19,29.67,-3.3,3.5,0.18
3/7/2026 12:40,Ice,0.304936,0.000828,14.03,30.21,-3.2,3.73,0.2
3/7/2026 12:50,Ice,0.353421,0.001024,9.48,31.81,-6.49,-1.28,0.22
3/7/2026 13:00,Wet,0.43529,0.000901,11.49,32.12,-4.6,2.21,0.32
3/7/2026 13:10,Wet,0.580326,0.003591,12.31,30.36,-4.63,2.49,0.2
3/7/2026 13:20,Wet,0.823959,0.006169,11.64,31.37,-4.78,2.59,0.16
3/7/2026 13:30,Wet,0.986715,0.067707,9.47,32.59,-6.18,0.13,0.24
3/7/2026 13:40,Wet,0.023631,0.000894,6.61,38.5,-6.55,0.05,0.42
3/7/2026 13:50,Wet,0.025514,0.000328,5.34,35.99,-8.55,0.42,0.21
3/7/2026 14:00,Wet,0.05159,0.005889,5.13,40.87,-7.1,0.95,0.3
3/7/2026 14:10,Wet,0.045123,0.006914,6,41.52,-6.11,1.64,0.4
3/7/2026 14:20,Wet,0.04493,0.004696,5.84,41.04,-6.4,1.45,0.3
3/7/2026 14:30,Slush,0.016412,9.50E-05,4.95,41.77,-6.98,1.29,0.23
3/7/2026 14:40,Slush,0.015332,9.30E-05,4.81,42.09,-7.01,0.87,0.66
3/7/2026 14:50,Slush,0.01469,9.20E-05,4.91,42.5,-6.79,1.34,1.01
3/7/2026 15:00,Slush,0.01494,0.0001,4.82,42.22,-6.96,1.53,0.44
3/7/2026 15:10,Slush,0.014524,0.000137,4.92,41.52,-7.09,1.81,0.26
3/7/2026 15:20,Slush,0.014682,9.80E-05,4.73,42.51,-6.95,1.28,0.53
3/7/2026 15:30,Slush,0.01623,0.000223,4.91,40.46,-7.43,1.58,0.27
3/7/2026 15:40,Slush,0.018314,0.000424,4.69,39.95,-7.79,1.19,0.57
3/7/2026 15:50,Slush,0.014873,0.000104,4.9,40.46,-7.44,1.49,0.24
3/7/2026 16:00,Slush,0.014748,9.50E-05,4.9,41,-7.27,1.36,0.24
3/7/2026 16:10,Slush,0.014615,0.000139,4.71,37.07,-8.74,1.47,0.27
3/7/2026 16:20,Slush,0.015146,8.70E-05,5.3,42.02,-6.59,1.61,0.33
3/7/2026 16:30,Slush,0.017674,0.000175,5.11,41.64,-6.88,1.32,0.56
3/7/2026 16:40,Slush,0.023584,0.000352,5.23,41.9,-6.69,1.22,0.24
3/7/2026 16:50,Slush,0.019017,0.000107,5.39,41.42,-6.69,1.97,0.23
3/7/2026 17:00,Slush,0.018575,0.000219,5.19,42.71,-6.47,1.95,0.22
3/7/2026 17:10,Slush,0.018019,0.000103,4.7,42.99,-6.83,1.85,0.24
3/7/2026 17:20,Slush,0.012712,9.90E-05,4.61,41.85,-7.26,1.63,
3/7/2026 17:30,Slush,0.011384,0.000104,4.62,42.76,-6.98,2.17,0.24
3/7/2026 17:40,Slush,0.010184,0.0001,4.47,41,-7.66,1.78,0.28
3/7/2026 17:50,Slush,0.009079,9.20E-05,3.8,34.38,-10.51,2.17,0.29
3/7/2026 18:00,Slush,0.008407,9.70E-05,3.39,30.13,-12.52,1.93,0.26
3/7/2026 18:10,Slush,0.008244,0.000103,3.39,33.35,-11.25,1.4,0.26
3/7/2026 18:20,Slush,0.008175,0.000107,3.04,30.12,-12.83,1.93,0.23
3/7/2026 18:30,Slush,0.008174,9.70E-05,2.28,24.39,-16.06,1.02,0.33
3/7/2026 18:40,Slush,0.008152,0.0001,1.98,24.8,-16.12,1.6,0.25
3/7/2026 18:50,Slush,0.008175,9.60E-05,2.01,26.07,-15.49,2,0.28
3/7/2026 19:00,Slush,0.008163,9.70E-05,2.04,23.4,-16.76,1.37,0.3
3/7/2026 19:10,Slush,0.008149,9.50E-05,1.91,23.94,-16.6,1.4,0.27
3/7/2026 19:20,Slush,0.008141,0.0001,1.58,24.7,-16.51,1.31,0.28
3/7/2026 19:30,Slush,0.008149,9.30E-05,1.55,24.23,-16.77,1.28,0.42
3/7/2026 19:40,Slush,0.008121,9.70E-05,1.48,25.67,-16.13,1.59,0.38
3/7/2026 19:50,Slush,0.008125,0.000101,1.43,26.03,-16.01,1.47,0.38
3/7/2026 20:00,Slush,0.008129,9.30E-05,1.24,25.78,-16.29,1.59,1.26
3/7/2026 20:10,Slush,0.008146,0.000101,1.12,25.86,-16.36,1.76,0.27
3/7/2026 20:20,Slush,0.008143,9.50E-05,0.92,26.05,-16.44,1.58,0.27
3/7/2026 20:30,Error,0.008138,9.50E-05,1.06,25.83,-16.42,1.29,0.37
3/7/2026 20:40,Slush,0.008136,0.0001,1.4,24.85,-16.59,1.2,0.3
3/7/2026 20:50,Slush,0.008143,0.0001,1.47,24.4,-16.75,1.61,0.22
3/7/2026 21:00,Slush,0.008161,0.000104,1.66,23.98,-16.8,1.19,0.1
3/7/2026 21:10,Slush,0.008144,0.000107,1.71,23.4,-17.04,1.32,0.29
3/7/2026 21:20,Slush,0.008129,0.000102,1.27,24.08,-17.08,1.1,0.46
3/7/2026 21:30,Slush,0.00813,0.000101,0.92,25.93,-16.5,1.09,0.45
3/7/2026 21:40,Slush,0.008159,0.000104,0.84,27.84,-15.71,1.38,0.29
3/7/2026 21:50,Slush,0.008162,0.000106,1.12,25.82,-16.37,1.42,0.31
3/7/2026 22:00,Slush,0.008185,9.10E-05,0.67,27.28,-16.1,0.95,0.29
3/7/2026 22:10,Slush,0.008158,0.000101,0.52,26.94,-16.38,1.06,0.27
3/7/2026 22:20,Slush,0.008186,0.000102,0.58,27.88,-15.92,1.26,0.24
3/7/2026 22:30,Slush,0.008187,0.000107,0.16,28.28,-16.11,0.89,0.25
3/7/2026 22:40,Slush,0.008155,0.000104,0.62,28.44,-15.64,1.44,0.27
3/7/2026 22:50,Slush,0.008158,8.70E-05,0.68,27.52,-15.99,1.24,0.24
3/7/2026 23:00,Slush,0.008153,9.60E-05,0.48,28.01,-15.95,1.18,0.28
3/7/2026 23:10,Slush,0.008173,0.000104,0.67,27.96,-15.81,1.17,0.32
3/7/2026 23:20,Slush,0.00817,0.000101,0.73,27.61,-15.91,1.27,0.3
3/7/2026 23:30,Slush,0.00815,9.90E-05,0.63,28.3,-15.69,1.27,0.27
3/7/2026 23:40,Slush,0.008165,9.30E-05,0.5,29.44,-15.33,0.99,0.39
3/7/2026 23:50,Slush,0.008147,0.000101,0.45,29.64,-15.29,1.04,0.29
3/8/2026 0:00,Slush,0.00815,9.80E-05,0.42,30.6,-14.93,1.28,0.15
3/8/2026 0:10,Slush,0.008165,9.60E-05,0.83,27.53,-15.85,1.29,0.27
3/8/2026 0:20,Slush,0.00817,0.000102,1.35,25.53,-16.31,0.99,0.41
3/8/2026 0:30,Slush,0.008143,0.000101,1.6,25.31,-16.2,1.48,0.31
3/8/2026 0:40,Slush,0.008142,0.000101,1.33,24.28,-16.93,1.27,0.21
3/8/2026 0:50,Slush,0.008161,9.50E-05,1.53,23.51,-17.14,1.41,0.31
3/8/2026 1:00,Slush,0.008163,0.000103,1.73,23.08,-17.19,1.47,0.35
3/8/2026 1:10,Slush,0.008166,0.000102,1.6,25.86,-15.94,1.03,0.29
3/8/2026 1:20,Slush,0.008183,0.000109,1.46,22.75,-17.59,1.29,0.37
3/8/2026 1:30,Slush,0.008185,0.000106,1.26,24.16,-17.05,1.18,0.21
3/8/2026 1:40,Slush,0.008196,0.0001,1.34,23.69,-17.21,1.45,0.27
3/8/2026 1:50,Slush,0.008175,0.000106,1.46,24.82,-16.55,0.71,0.31
3/8/2026 2:00,Slush,0.00816,0.000106,1.44,25.09,-16.44,1.34,0.26
3/8/2026 2:10,Slush,,,,,,,
3/8/2026 2:20,Slush,,,,,,,
3/8/2026 2:30,Slush,,,,,,,
3/8/2026 2:40,Slush,,,,,,,
3/8/2026 2:50,Slush,,,,,,,
3/8/2026 3:00,Slush,0.008166,9.80E-05,1.44,25.23,-16.38,1.1,0.28
3/8/2026 3:10,Slush,0.008161,9.40E-05,1.55,24.84,-16.47,0.88,0.58
3/8/2026 3:20,Slush,0.008158,0.000103,1.45,24.3,-16.82,1.1,0.26
3/8/2026 3:30,Slush,0.008156,0.000104,1.42,25.05,-16.48,1.12,0.24
3/8/2026 3:40,Slush,0.008164,9.60E-05,1.06,26.9,-15.93,1.12,0.26
3/8/2026 3:50,Slush,0.008182,9.20E-05,1,28.57,-15.26,1.1,0.25
3/8/2026 4:00,Slush,0.008188,9.90E-05,1.65,25.59,-16.02,1.25,0.19
3/8/2026 4:10,Slush,0.008219,9.70E-05,1.79,25.39,-16,1.13,0.26
3/8/2026 4:20,Slush,0.008192,0.000101,1.98,25.14,-15.95,1.06,0.11
3/8/2026 4:30,Slush,0.008205,9.80E-05,1.87,25.47,-15.89,0.96,0.13
3/8/2026 4:40,Slush,0.00817,0.000107,1.92,25.25,-15.95,0.92,0.26
3/8/2026 4:50,Slush,0.008177,0.000101,1.86,25.8,-15.75,1,0.19
3/8/2026 5:00,Slush,0.008176,9.20E-05,1.7,25.45,-16.05,0.92,0.29
3/8/2026 5:10,Ice,0.008169,9.50E-05,1.65,25.36,-16.13,0.84,0.25
3/8/2026 5:20,Slush,0.008175,9.80E-05,1.59,25.92,-15.92,0.7,0.31
3/8/2026 5:30,Slush,0.008164,9.80E-05,1.68,25.32,-16.13,1.01,0.18
3/8/2026 5:40,Slush,0.008196,9.90E-05,1.26,27.06,-15.69,1.11,0.26
3/8/2026 5:50,Slush,0.008177,9.30E-05,1.52,27.4,-15.31,1.06,0.28
3/8/2026 6:00,Slush,0.008203,9.00E-05,1.59,27.01,-15.42,1.12,0.28
3/8/2026 6:10,Slush,0.0082,0.000108,1.82,25.74,-15.81,1.13,0.29
3/8/2026 6:20,Ice,0.008196,0.0001,1.6,26.97,-15.43,1.11,0.22
3/8/2026 6:30,Ice,0.008186,9.70E-05,1.45,27.62,-15.28,0.37,0.29
3/8/2026 6:40,Slush,0.008183,9.40E-05,1.5,27.16,-15.44,1,0.27
3/8/2026 6:50,Slush,0.008181,9.80E-05,1.4,27.93,-15.18,1.23,0.4
3/8/2026 7:00,Slush,0.008215,9.70E-05,1.4,26.88,-15.65,0.94,0.22
3/8/2026 7:10,Slush,0.00828,9.40E-05,1.16,28.21,-15.27,0.7,0.32
3/8/2026 7:20,Slush,0.00867,0.000105,1.24,27.56,-15.48,0.67,1.63
3/8/2026 7:30,Slush,0.008533,0.000101,1.37,26.83,-15.7,0.78,0.97
3/8/2026 7:40,Ice,0.009322,0.000105,1.3,27.81,-15.32,0.94,0.33
3/8/2026 7:50,Slush,0.010371,0.000103,1.33,29.02,-14.78,1.26,0.19
3/8/2026 8:00,Slush,0.012133,9.90E-05,1.86,27.78,-14.85,0.77,0.21
3/8/2026 8:10,Slush,0.015259,0.000113,2.62,25.72,-15.13,1.35,0.16
3/8/2026 8:20,Ice,0.017419,0.000107,2.9,24.16,-15.65,1.3,0.17
3/8/2026 8:30,Ice,0.018325,0.0001,2.95,23.91,-15.73,1.03,0.29
3/8/2026 8:40,Ice,0.019664,9.70E-05,3.14,24.29,-15.38,1.68,0.34
3/8/2026 8:50,Ice,0.02042,9.80E-05,2.98,24.47,-15.42,0.92,
3/8/2026 9:00,Ice,0.019491,0.000104,3.08,25.29,-14.94,1.4,0.25
3/8/2026 9:10,Ice,0.015999,0.00015,2.94,25.61,-14.91,1.33,0.11
3/8/2026 9:20,Ice,0.014798,0.000109,3.04,24.73,-15.24,1.05,0.23
3/8/2026 9:30,Ice,0.015932,0.000102,3.06,25.18,-15.01,1.35,0.26
3/8/2026 9:40,Ice,0.016986,0.0001,3.19,24.09,-15.43,1.51,0.45
3/8/2026 9:50,Wet,0.01521,9.90E-05,3.3,24.21,-15.28,1.21,0.25
3/8/2026 10:00,Wet,0.016044,9.90E-05,3.51,24.64,-14.89,1.47,0.28
3/8/2026 10:10,Wet,0.021327,0.000105,4.14,23.64,-14.85,1.28,0.22
3/8/2026 10:20,Wet,0.021799,0.000104,5.02,23.8,-14.02,1.4,0.32
3/8/2026 10:30,Wet,0.015715,0.000141,5.23,23.69,-13.9,1.32,0.59
3/8/2026 10:40,Wet,0.019103,0.000303,5.6,24.14,-13.35,1.46,1.08
3/8/2026 10:50,Wet,0.023378,0.000299,6.43,26.34,-11.56,1.8,16.36
3/8/2026 11:00,Wet,0.021333,0.000184,6.75,27,-10.97,1.71,0.32
3/8/2026 11:10,Wet,0.017071,9.80E-05,6.59,24.58,-12.28,1.53,0.25
3/8/2026 11:20,Wet,0.017039,0.000135,6.87,27.3,-10.73,1.46,0.36
3/8/2026 11:30,Wet,0.017116,0.000103,7.25,32.58,-8.14,1.64,1.05
3/8/2026 11:40,Wet,0.016811,9.40E-05,7.47,32.89,-7.83,1.53,0.19
3/8/2026 11:50,Wet,0.016557,9.40E-05,7.77,32.51,-7.71,2.2,0.76
3/8/2026 12:00,Wet,0.01623,9.20E-05,8.09,34.27,-6.75,1.76,1.03
3/8/2026 12:10,Wet,0.015952,0.0001,8.22,32.16,-7.46,2.06,0.5
3/8/2026 12:20,Wet,0.015717,9.00E-05,8.6,35.88,-5.69,1.73,0.63
3/8/2026 12:30,Wet,0.016249,0.000111,8.62,36.2,-5.56,2.13,0.29
3/8/2026 12:40,Wet,0.016212,9.60E-05,8.72,37.41,-5.03,1.71,0.21
3/8/2026 12:50,Wet,0.016313,0.000104,8.79,39.3,-4.32,1.85,2.48
3/8/2026 13:00,Wet,0.023781,0.000261,9.32,38.8,-4.01,2.05,0.27
3/8/2026 13:10,Wet,0.145882,0.003152,14.05,36.56,-0.59,4.38,0.21
3/8/2026 13:20,Wet,0.167326,0.005273,15.07,34.41,-0.52,5.62,0.26
3/8/2026 13:30,Wet,0.181695,0.01033,14.2,33.86,-1.51,5.6,0.29
3/8/2026 13:40,Wet,0.200264,0.013263,17.08,30.8,-0.28,9.01,0.44
3/8/2026 13:50,Wet,0.229596,0.020816,15.94,32.9,-0.37,11.27,0.21
3/8/2026 14:00,Wet,0.253234,0.012301,18.5,29.16,0.2,12.37,0.17
3/8/2026 14:10,Wet,0.395666,0.046478,19.85,27.37,0.48,13.84,0.17
3/8/2026 14:20,Wet,1.442401,0.352634,16.8,31.32,-0.29,13.9,0.23
3/8/2026 14:30,Wet,1.343875,0.281757,20.52,25.58,0.12,14.26,0.16
3/8/2026 14:40,Wet,0.062601,0.001463,14.93,32.23,-1.54,9.98,0.19
3/8/2026 14:50,Wet,0.035829,0.000562,13.54,35.84,-1.32,10.26,0.24
3/8/2026 15:00,Wet,0.058858,0.01947,12.42,37.41,-1.73,8.43,0.64
3/8/2026 15:10,Wet,0.048021,0.002269,12.51,37.62,-1.57,8.82,0.19
3/8/2026 15:20,Wet,0.040943,0.002633,12.76,36.37,-1.81,8.35,0.2
3/8/2026 15:30,Wet,0.027172,0.000133,12.27,38.32,-1.54,8.21,0.32
3/8/2026 15:40,Wet,0.021898,0.000102,12.61,36.39,-1.94,8.21,0.47
3/8/2026 15:50,Wet,0.018507,0.000147,12.39,36.24,-2.19,7.57,2.02
3/8/2026 16:00,Wet,0.017334,0.000105,12.15,36.05,-2.47,7.27,1
3/8/2026 16:10,Wet,0.023379,0.000114,12.09,36.33,-2.42,7.39,0.27
3/8/2026 16:20,Wet,0.021114,0.000137,12.17,35.12,-2.81,7.14,0.13
3/8/2026 16:30,Wet,0.022085,0.000373,11.3,37.28,-2.78,6.13,0.7
3/8/2026 16:40,Wet,0.025744,0.001102,11.98,35.62,-2.78,7.03,0.16
3/8/2026 16:50,Wet,0.016144,0.000135,11.73,36.73,-2.59,7.12,0.25
3/8/2026 17:00,Wet,0.014478,0.000111,11.59,36.71,-2.73,6.56,0.14
3/8/2026 17:10,Wet,0.01434,9.90E-05,11.37,37.01,-2.81,6.24,0.2
3/8/2026 17:20,Wet,0.014205,0.000103,11.36,37.87,-2.51,6.92,0.52
3/8/2026 17:30,Wet,0.013709,9.30E-05,11.33,38.39,-2.35,7.09,0.27
3/8/2026 17:40,Wet,0.01335,9.90E-05,10.73,39.13,-2.63,6.7,1.12
3/8/2026 17:50,Wet,0.012761,9.90E-05,10.8,38.94,-2.64,6.71,0.28
3/8/2026 18:00,Wet,0.011753,9.80E-05,10.28,40.23,-2.66,6.1,0.17
3/8/2026 18:10,Wet,0.011085,9.20E-05,10.16,40.65,-2.63,6.76,0.25
3/8/2026 18:20,Wet,0.01039,9.70E-05,10.23,39.41,-2.99,6.05,0.48
3/8/2026 18:30,Wet,0.009785,9.70E-05,9.66,40.89,-3,6.37,0.26
3/8/2026 18:40,Wet,0.009242,9.40E-05,9.08,41.04,-3.48,5.83,15.48
3/8/2026 18:50,Wet,0.00889,0.000102,8.51,39.7,-4.43,5.74,0.42
3/8/2026 19:00,Wet,0.008585,0.000101,8.06,38.03,-5.41,5.8,0.26
3/8/2026 19:10,Wet,0.008447,9.20E-05,8.3,41.84,-3.92,5.92,0.24
3/8/2026 19:20,Wet,0.00838,9.90E-05,8.33,41.5,-4.01,5.9,0.35
3/8/2026 19:30,Wet,0.008345,9.40E-05,7.72,42.55,-4.23,5.33,0.57
3/8/2026 19:40,Wet,0.008375,9.80E-05,7.58,42.76,-4.29,5.46,0.27
3/8/2026 19:50,Wet,0.008344,9.70E-05,7.58,42.78,-4.28,5.71,0.26
3/8/2026 20:00,Wet,0.008393,9.90E-05,7.8,42.05,-4.31,5.49,0.27
3/8/2026 20:10,Wet,0.008337,9.40E-05,7.66,41.78,-4.52,4.92,0.17
3/8/2026 20:20,Wet,0.008377,9.40E-05,7.77,41.62,-4.47,4.89,0.28
3/8/2026 20:30,Wet,0.008362,9.20E-05,7.35,42.44,-4.6,4.78,0.26
3/8/2026 20:40,Wet,0.008361,9.60E-05,7.35,42.38,-4.61,4.84,0.38
3/8/2026 20:50,Wet,0.00838,9.90E-05,7.58,41.73,-4.61,4.84,0.3
3/8/2026 21:00,Wet,0.008408,8.80E-05,7.69,41.88,-4.46,5.54,0.26
3/8/2026 21:10,Wet,0.008381,9.60E-05,7.59,41.67,-4.62,4.78,0.32
3/8/2026 21:20,Wet,0.00838,8.50E-05,6.5,43.51,-5.04,4.59,0.26
3/8/2026 21:30,Wet,0.008382,0.0001,6.78,43.46,-4.8,4.75,0.24
3/8/2026 21:40,Wet,0.008367,0.000101,6.72,43.39,-4.87,4.32,0.26
3/8/2026 21:50,Wet,0.008341,0.000111,6.79,43.43,-4.8,4.88,0.34
3/8/2026 22:00,Wet,0.008351,0.000102,6.6,43.68,-4.9,4.04,0.27
3/8/2026 22:10,Wet,0.008367,9.40E-05,6.76,43.59,-4.78,4.23,0.91
3/8/2026 22:20,Wet,0.008356,9.80E-05,6.22,43.07,-5.43,4.28,0.58
3/8/2026 22:30,Wet,0.008369,9.50E-05,6.31,42.54,-5.51,4.26,0.25
3/8/2026 22:40,Wet,0.008354,0.000102,6,40.89,-6.31,4.53,0.26
3/8/2026 22:50,Wet,0.00836,9.30E-05,5.58,39.76,-7.05,4.09,0.22
3/8/2026 23:00,Wet,0.00835,9.40E-05,5.55,38.11,-7.63,4.43,0.27
3/8/2026 23:10,Wet,0.008355,9.30E-05,5.55,36.82,-8.07,4.58,0.26
3/8/2026 23:20,Wet,0.008374,9.80E-05,5.9,39.81,-6.75,4.46,0.27
3/8/2026 23:30,Wet,0.008422,9.60E-05,5.86,40.75,-6.48,4.49,0.29
3/8/2026 23:40,Wet,0.008409,9.10E-05,5.98,42.46,-5.83,4.31,0.31
3/8/2026 23:50,Wet,0.00838,9.80E-05,5.68,38.26,-7.46,4.62,0.26
3/9/2026 0:00,Wet,0.008364,9.50E-05,5.23,34.2,-9.31,4.1,0.27
3/9/2026 0:10,Wet,0.008359,0.000105,5.14,33.46,-9.66,3.65,0.26
3/9/2026 0:20,Wet,0.00834,9.70E-05,5.16,33.05,-9.8,4.18,0.27
3/9/2026 0:30,Wet,0.008314,9.90E-05,5.73,36.55,-8.01,4.1,0.29
3/9/2026 0:40,Wet,0.008333,0.000102,5.93,37.75,-7.41,3.78,0.29
3/9/2026 0:50,Wet,0.008325,9.50E-05,6,40.18,-6.54,3.92,0.88
3/9/2026 1:00,Wet,0.008324,9.80E-05,7.13,42.85,-4.67,4.07,0.35
3/9/2026 1:10,Wet,0.00832,9.90E-05,7.3,43.02,-4.46,3.97,16.93
3/9/2026 1:20,Wet,0.008315,0.0001,7.38,43.01,-4.39,3.57,0.39
3/9/2026 1:30,Wet,0.008355,9.60E-05,7.46,42.99,-4.32,3.81,0.21
3/9/2026 1:40,Wet,0.008331,8.80E-05,7.26,43.31,-4.41,3.32,0.28
3/9/2026 1:50,Wet,0.008331,9.20E-05,7.33,43.27,-4.36,3.65,0.6
3/9/2026 2:00,Wet,0.008356,9.50E-05,7.22,43.29,-4.45,3.56,0.31
3/9/2026 2:10,Wet,0.008326,0.000107,7.03,43.41,-4.59,3.59,0.24
3/9/2026 2:20,Wet,0.008329,9.70E-05,7.07,43.34,-4.57,3.86,0.35
3/9/2026 2:30,Wet,0.008338,9.90E-05,7.08,43.49,-4.52,3.3,0.24
3/9/2026 2:40,Wet,0.008345,9.20E-05,6.94,43.34,-4.69,3.56,0.26
3/9/2026 2:50,Wet,0.008354,9.80E-05,6.12,42.67,-5.64,3.53,0.41
3/9/2026 3:00,Wet,0.008344,0.000105,6.46,43.55,-5.06,3.66,0.27
3/9/2026 3:10,Wet,0.008374,9.90E-05,5.94,42.09,-5.98,3.51,0.25
3/9/2026 3:20,Wet,0.008356,9.60E-05,5.41,39.25,-7.37,3.02,0.28
3/9/2026 3:30,Wet,0.008326,9.80E-05,5.26,38.75,-7.67,3.12,0.24
3/9/2026 3:40,Wet,0.008279,8.90E-05,4.64,33.5,-10.09,2.97,0.22
3/9/2026 3:50,Wet,0.008308,0.000101,4.65,34.29,-9.79,3.11,0.35
3/9/2026 4:00,Wet,0.008318,8.80E-05,4.87,34.98,-9.34,3.16,0.24
3/9/2026 4:10,Wet,0.008326,9.50E-05,4.7,35.21,-9.4,3.38,0.33
3/9/2026 4:20,Wet,0.008333,0.0001,4.75,36.56,-8.88,3.38,0.26
3/9/2026 4:30,Wet,0.008345,0.000101,4.59,36.04,-9.21,2.93,0.26
3/9/2026 4:40,Wet,0.008348,0.000102,4.37,33.43,-10.36,3.07,0.27
3/9/2026 4:50,Wet,0.008375,9.70E-05,4.34,33.36,-10.41,3.16,0.26
3/9/2026 5:00,Wet,0.008374,9.50E-05,4.48,34.87,-9.72,3.2,0.27
3/9/2026 5:10,Wet,0.008371,0.000102,4.54,36.44,-9.11,3.35,0.27
3/9/2026 5:20,Wet,0.008371,9.00E-05,4.88,40.86,-7.33,3.02,0.26
3/9/2026 5:30,Wet,0.008383,0.000101,4.54,39.48,-8.08,3.2,0.14
3/9/2026 5:40,Wet,0.008377,8.80E-05,4.69,41.04,-7.44,3.09,0.24
3/9/2026 5:50,Wet,0.008389,9.50E-05,4.81,41.36,-7.24,3.23,0.26
3/9/2026 6:00,Wet,0.008395,0.000102,4.98,42.53,-6.72,3.35,0.26
3/9/2026 6:10,Wet,0.00841,9.70E-05,4.8,42.67,-6.84,3.18,0.26
3/9/2026 6:20,Wet,0.008395,9.80E-05,4.71,42.54,-6.96,2.89,0.27
3/9/2026 6:30,Wet,0.008403,9.90E-05,4.64,41.88,-7.23,3.04,0.28
3/9/2026 6:40,Wet,0.008354,0.000106,4.71,40.94,-7.46,2.82,0.3
3/9/2026 6:50,Wet,0.008372,0.0001,5.05,42.6,-6.63,2.94,0.29
3/9/2026 7:00,Wet,0.008376,9.10E-05,5.14,43.44,-6.3,3.22,0.28
3/9/2026 7:10,Wet,0.008441,9.20E-05,5.31,44.14,-5.93,2.86,0.28
3/9/2026 7:20,Wet,0.008593,9.60E-05,5.52,44.07,-5.76,3.04,0.26
3/9/2026 7:30,Wet,0.008515,9.70E-05,5.27,44.17,-5.96,3.24,0.23
3/9/2026 7:40,Wet,0.008927,9.10E-05,5.35,43.85,-5.98,3.09,0.24
3/9/2026 7:50,Wet,0.009433,0.000107,5.07,44.18,-6.14,2.75,0.3
3/9/2026 8:00,Wet,0.009853,0.000104,5.13,44.44,-6.01,2.9,0.22
3/9/2026 8:10,Wet,0.009622,9.90E-05,5.26,44.33,-5.92,3.14,0.63
3/9/2026 8:20,Wet,0.00975,9.70E-05,4.99,44.48,-6.12,2.63,0.28
3/9/2026 8:30,Wet,0.010389,0.000121,5.13,44.42,-6.01,2.89,0.44
3/9/2026 8:40,Wet,0.012682,0.000161,5.47,44.44,-5.7,2.86,0.33
3/9/2026 8:50,Wet,0.013216,9.50E-05,5.9,44.14,-5.39,3.12,0.29
3/9/2026 9:00,Wet,0.01394,0.000133,6.7,43.66,-4.81,3.47,0.29
